{
  "Component-preload.js": 1711725668189,
  "manifest.json": 1711725667931,
  "model/models.js": 1711723010266,
  "controller/View1.controller.js": 1711723010274,
  "controller/App.controller.js": 1711723010266,
  "Component.js": 1711723010258,
  "i18n/i18n.properties": 1711723026414,
  "controller/App-dbg.controller.js": 1711723010266,
  "controller/View1-dbg.controller.js": 1711723010274,
  "model/models-dbg.js": 1711723010266,
  "Component-dbg.js": 1711723010258,
  "view/View1.view.xml": 1711723010270,
  "view/App.view.xml": 1711723010270,
  "css/style.css": 1711723010270,
  "index.html": 1711723010258
}